DayType,Month,Hour,CreditType,Value_per_kWh
Weekday,January,12:00 AM,Produced,0.09342
Weekday,January,12:00 AM,Delivered,0.00089
Weekday,February,12:00 AM,Produced,0.0931
Weekday,February,12:00 AM,Delivered,0.00087
Weekday,March,12:00 AM,Produced,0.08045
Weekday,March,12:00 AM,Delivered,0.0008
Weekday,April,12:00 AM,Produced,0.07702
Weekday,April,12:00 AM,Delivered,0.00077
Weekday,May,12:00 AM,Produced,0.07745
Weekday,May,12:00 AM,Delivered,0.00076
Weekday,June,12:00 AM,Produced,0.07762
Weekday,June,12:00 AM,Delivered,0.00077
Weekday,July,12:00 AM,Produced,0.07278
Weekday,July,12:00 AM,Delivered,0.00072
Weekday,August,12:00 AM,Produced,0.09089
Weekday,August,12:00 AM,Delivered,0.00091
Weekday,September,12:00 AM,Produced,0.09539
Weekday,September,12:00 AM,Delivered,0.00094
Weekday,October,12:00 AM,Produced,0.08953
Weekday,October,12:00 AM,Delivered,0.00089
Weekday,November,12:00 AM,Produced,0.08621
Weekday,November,12:00 AM,Delivered,0.00082
Weekday,December,12:00 AM,Produced,0.08964
Weekday,December,12:00 AM,Delivered,0.00085
Weekday,January,1:00 AM,Produced,0.09158
Weekday,January,1:00 AM,Delivered,0.00087
Weekday,February,1:00 AM,Produced,0.0915
Weekday,February,1:00 AM,Delivered,0.00086
Weekday,March,1:00 AM,Produced,0.07742
Weekday,March,1:00 AM,Delivered,0.00077
Weekday,April,1:00 AM,Produced,0.07598
Weekday,April,1:00 AM,Delivered,0.00077
Weekday,May,1:00 AM,Produced,0.0736
Weekday,May,1:00 AM,Delivered,0.00072
Weekday,June,1:00 AM,Produced,0.07621
Weekday,June,1:00 AM,Delivered,0.00075
Weekday,July,1:00 AM,Produced,0.07445
Weekday,July,1:00 AM,Delivered,0.00073
Weekday,August,1:00 AM,Produced,0.09109
Weekday,August,1:00 AM,Delivered,0.0009
Weekday,September,1:00 AM,Produced,0.0935
Weekday,September,1:00 AM,Delivered,0.00092
Weekday,October,1:00 AM,Produced,0.08955
Weekday,October,1:00 AM,Delivered,0.00088
Weekday,November,1:00 AM,Produced,0.087
Weekday,November,1:00 AM,Delivered,0.00107
Weekday,December,1:00 AM,Produced,0.08918
Weekday,December,1:00 AM,Delivered,0.00084
Weekday,January,2:00 AM,Produced,0.09006
Weekday,January,2:00 AM,Delivered,0.00083
Weekday,February,2:00 AM,Produced,0.09257
Weekday,February,2:00 AM,Delivered,0.00087
Weekday,March,2:00 AM,Produced,0.07397
Weekday,March,2:00 AM,Delivered,0.00073
Weekday,April,2:00 AM,Produced,0.07973
Weekday,April,2:00 AM,Delivered,0.0008
Weekday,May,2:00 AM,Produced,0.07581
Weekday,May,2:00 AM,Delivered,0.00074
Weekday,June,2:00 AM,Produced,0.07484
Weekday,June,2:00 AM,Delivered,0.00074
Weekday,July,2:00 AM,Produced,0.07267
Weekday,July,2:00 AM,Delivered,0.00071
Weekday,August,2:00 AM,Produced,0.08944
Weekday,August,2:00 AM,Delivered,0.00088
Weekday,September,2:00 AM,Produced,0.09141
Weekday,September,2:00 AM,Delivered,0.00089
Weekday,October,2:00 AM,Produced,0.08751
Weekday,October,2:00 AM,Delivered,0.00086
Weekday,November,2:00 AM,Produced,0.0857
Weekday,November,2:00 AM,Delivered,0.00083
Weekday,December,2:00 AM,Produced,0.08687
Weekday,December,2:00 AM,Delivered,0.00082
Weekday,January,3:00 AM,Produced,0.08901
Weekday,January,3:00 AM,Delivered,0.00082
Weekday,February,3:00 AM,Produced,0.09283
Weekday,February,3:00 AM,Delivered,0.00087
Weekday,March,3:00 AM,Produced,0.07366
Weekday,March,3:00 AM,Delivered,0.00073
Weekday,April,3:00 AM,Produced,0.07862
Weekday,April,3:00 AM,Delivered,0.00079
Weekday,May,3:00 AM,Produced,0.07911
Weekday,May,3:00 AM,Delivered,0.00078
Weekday,June,3:00 AM,Produced,0.07701
Weekday,June,3:00 AM,Delivered,0.00076
Weekday,July,3:00 AM,Produced,0.07418
Weekday,July,3:00 AM,Delivered,0.00072
Weekday,August,3:00 AM,Produced,0.08652
Weekday,August,3:00 AM,Delivered,0.00085
Weekday,September,3:00 AM,Produced,0.0885
Weekday,September,3:00 AM,Delivered,0.00086
Weekday,October,3:00 AM,Produced,0.08595
Weekday,October,3:00 AM,Delivered,0.00085
Weekday,November,3:00 AM,Produced,0.08447
Weekday,November,3:00 AM,Delivered,0.0008
Weekday,December,3:00 AM,Produced,0.08753
Weekday,December,3:00 AM,Delivered,0.00083
Weekday,January,4:00 AM,Produced,0.09098
Weekday,January,4:00 AM,Delivered,0.00084
Weekday,February,4:00 AM,Produced,0.09366
Weekday,February,4:00 AM,Delivered,0.00088
Weekday,March,4:00 AM,Produced,0.07515
Weekday,March,4:00 AM,Delivered,0.00075
Weekday,April,4:00 AM,Produced,0.07682
Weekday,April,4:00 AM,Delivered,0.00077
Weekday,May,4:00 AM,Produced,0.08048
Weekday,May,4:00 AM,Delivered,0.00079
Weekday,June,4:00 AM,Produced,0.07525
Weekday,June,4:00 AM,Delivered,0.00074
Weekday,July,4:00 AM,Produced,0.07105
Weekday,July,4:00 AM,Delivered,0.00069
Weekday,August,4:00 AM,Produced,0.08609
Weekday,August,4:00 AM,Delivered,0.00085
Weekday,September,4:00 AM,Produced,0.08713
Weekday,September,4:00 AM,Delivered,0.00085
Weekday,October,4:00 AM,Produced,0.08518
Weekday,October,4:00 AM,Delivered,0.00084
Weekday,November,4:00 AM,Produced,0.08567
Weekday,November,4:00 AM,Delivered,0.00081
Weekday,December,4:00 AM,Produced,0.08882
Weekday,December,4:00 AM,Delivered,0.00084
Weekday,January,5:00 AM,Produced,0.09319
Weekday,January,5:00 AM,Delivered,0.00086
Weekday,February,5:00 AM,Produced,0.09141
Weekday,February,5:00 AM,Delivered,0.00086
Weekday,March,5:00 AM,Produced,0.07819
Weekday,March,5:00 AM,Delivered,0.0008
Weekday,April,5:00 AM,Produced,0.07675
Weekday,April,5:00 AM,Delivered,0.00076
Weekday,May,5:00 AM,Produced,0.07503
Weekday,May,5:00 AM,Delivered,0.00074
Weekday,June,5:00 AM,Produced,0.07524
Weekday,June,5:00 AM,Delivered,0.00074
Weekday,July,5:00 AM,Produced,0.07209
Weekday,July,5:00 AM,Delivered,0.0007
Weekday,August,5:00 AM,Produced,0.08706
Weekday,August,5:00 AM,Delivered,0.00086
Weekday,September,5:00 AM,Produced,0.08913
Weekday,September,5:00 AM,Delivered,0.00087
Weekday,October,5:00 AM,Produced,0.08463
Weekday,October,5:00 AM,Delivered,0.00083
Weekday,November,5:00 AM,Produced,0.08606
Weekday,November,5:00 AM,Delivered,0.00082
Weekday,December,5:00 AM,Produced,0.09187
Weekday,December,5:00 AM,Delivered,0.00087
Weekday,January,6:00 AM,Produced,0.09405
Weekday,January,6:00 AM,Delivered,0.00087
Weekday,February,6:00 AM,Produced,0.08809
Weekday,February,6:00 AM,Delivered,0.00083
Weekday,March,6:00 AM,Produced,0.07902
Weekday,March,6:00 AM,Delivered,0.00081
Weekday,April,6:00 AM,Produced,0.07046
Weekday,April,6:00 AM,Delivered,0.00071
Weekday,May,6:00 AM,Produced,0.06919
Weekday,May,6:00 AM,Delivered,0.00068
Weekday,June,6:00 AM,Produced,0.07229
Weekday,June,6:00 AM,Delivered,0.00072
Weekday,July,6:00 AM,Produced,0.07617
Weekday,July,6:00 AM,Delivered,0.00075
Weekday,August,6:00 AM,Produced,0.08471
Weekday,August,6:00 AM,Delivered,0.00083
Weekday,September,6:00 AM,Produced,0.08657
Weekday,September,6:00 AM,Delivered,0.00085
Weekday,October,6:00 AM,Produced,0.08509
Weekday,October,6:00 AM,Delivered,0.00084
Weekday,November,6:00 AM,Produced,0.08259
Weekday,November,6:00 AM,Delivered,0.00079
Weekday,December,6:00 AM,Produced,0.09874
Weekday,December,6:00 AM,Delivered,0.0009
Weekday,January,7:00 AM,Produced,0.08869
Weekday,January,7:00 AM,Delivered,0.00085
Weekday,February,7:00 AM,Produced,0.08324
Weekday,February,7:00 AM,Delivered,0.00081
Weekday,March,7:00 AM,Produced,0.07236
Weekday,March,7:00 AM,Delivered,0.00073
Weekday,April,7:00 AM,Produced,0.06085
Weekday,April,7:00 AM,Delivered,0.00062
Weekday,May,7:00 AM,Produced,0.0636
Weekday,May,7:00 AM,Delivered,0.00063
Weekday,June,7:00 AM,Produced,0.06593
Weekday,June,7:00 AM,Delivered,0.00067
Weekday,July,7:00 AM,Produced,0.07291
Weekday,July,7:00 AM,Delivered,0.00073
Weekday,August,7:00 AM,Produced,0.0739
Weekday,August,7:00 AM,Delivered,0.00075
Weekday,September,7:00 AM,Produced,0.0771
Weekday,September,7:00 AM,Delivered,0.00076
Weekday,October,7:00 AM,Produced,0.07673
Weekday,October,7:00 AM,Delivered,0.00077
Weekday,November,7:00 AM,Produced,0.073
Weekday,November,7:00 AM,Delivered,0.00073
Weekday,December,7:00 AM,Produced,0.08675
Weekday,December,7:00 AM,Delivered,0.00083
Weekday,January,8:00 AM,Produced,0.07673
Weekday,January,8:00 AM,Delivered,0.00074
Weekday,February,8:00 AM,Produced,0.06399
Weekday,February,8:00 AM,Delivered,0.00064
Weekday,March,8:00 AM,Produced,0.05228
Weekday,March,8:00 AM,Delivered,0.00054
Weekday,April,8:00 AM,Produced,0.01713
Weekday,April,8:00 AM,Delivered,0.00019
Weekday,May,8:00 AM,Produced,0.02535
Weekday,May,8:00 AM,Delivered,0.00027
Weekday,June,8:00 AM,Produced,0.04647
Weekday,June,8:00 AM,Delivered,0.00052
Weekday,July,8:00 AM,Produced,0.06807
Weekday,July,8:00 AM,Delivered,0.00074
Weekday,August,8:00 AM,Produced,0.06779
Weekday,August,8:00 AM,Delivered,0.00075
Weekday,September,8:00 AM,Produced,0.06732
Weekday,September,8:00 AM,Delivered,0.00074
Weekday,October,8:00 AM,Produced,0.06573
Weekday,October,8:00 AM,Delivered,0.0007
Weekday,November,8:00 AM,Produced,0.0628
Weekday,November,8:00 AM,Delivered,0.00063
Weekday,December,8:00 AM,Produced,0.07478
Weekday,December,8:00 AM,Delivered,0.00073
Weekday,January,9:00 AM,Produced,0.06861
Weekday,January,9:00 AM,Delivered,0.00065
Weekday,February,9:00 AM,Produced,0.05346
Weekday,February,9:00 AM,Delivered,0.00052
Weekday,March,9:00 AM,Produced,0.026
Weekday,March,9:00 AM,Delivered,0.00035
Weekday,April,9:00 AM,Produced,0.00701
Weekday,April,9:00 AM,Delivered,0.0001
Weekday,May,9:00 AM,Produced,0.01361
Weekday,May,9:00 AM,Delivered,0.00019
Weekday,June,9:00 AM,Produced,0.03931
Weekday,June,9:00 AM,Delivered,0.00049
Weekday,July,9:00 AM,Produced,0.06033
Weekday,July,9:00 AM,Delivered,0.0007
Weekday,August,9:00 AM,Produced,0.06718
Weekday,August,9:00 AM,Delivered,0.00078
Weekday,September,9:00 AM,Produced,0.06428
Weekday,September,9:00 AM,Delivered,0.0007
Weekday,October,9:00 AM,Produced,0.05974
Weekday,October,9:00 AM,Delivered,0.00066
Weekday,November,9:00 AM,Produced,0.06024
Weekday,November,9:00 AM,Delivered,0.0006
Weekday,December,9:00 AM,Produced,0.07018
Weekday,December,9:00 AM,Delivered,0.00067
Weekday,January,10:00 AM,Produced,0.06798
Weekday,January,10:00 AM,Delivered,0.00065
Weekday,February,10:00 AM,Produced,0.05136
Weekday,February,10:00 AM,Delivered,0.00049
Weekday,March,10:00 AM,Produced,0.02182
Weekday,March,10:00 AM,Delivered,0.00023
Weekday,April,10:00 AM,Produced,0.00827
Weekday,April,10:00 AM,Delivered,0.00011
Weekday,May,10:00 AM,Produced,0.01435
Weekday,May,10:00 AM,Delivered,0.00019
Weekday,June,10:00 AM,Produced,0.0379
Weekday,June,10:00 AM,Delivered,0.00051
Weekday,July,10:00 AM,Produced,0.06279
Weekday,July,10:00 AM,Delivered,0.00074
Weekday,August,10:00 AM,Produced,0.06685
Weekday,August,10:00 AM,Delivered,0.0008
Weekday,September,10:00 AM,Produced,0.06261
Weekday,September,10:00 AM,Delivered,0.00071
Weekday,October,10:00 AM,Produced,0.06008
Weekday,October,10:00 AM,Delivered,0.00069
Weekday,November,10:00 AM,Produced,0.05923
Weekday,November,10:00 AM,Delivered,0.0006
Weekday,December,10:00 AM,Produced,0.06936
Weekday,December,10:00 AM,Delivered,0.00067
Weekday,January,11:00 AM,Produced,0.06785
Weekday,January,11:00 AM,Delivered,0.00063
Weekday,February,11:00 AM,Produced,0.05033
Weekday,February,11:00 AM,Delivered,0.00048
Weekday,March,11:00 AM,Produced,0.01988
Weekday,March,11:00 AM,Delivered,0.00021
Weekday,April,11:00 AM,Produced,0.00828
Weekday,April,11:00 AM,Delivered,0.00011
Weekday,May,11:00 AM,Produced,0.01234
Weekday,May,11:00 AM,Delivered,0.00015
Weekday,June,11:00 AM,Produced,0.03279
Weekday,June,11:00 AM,Delivered,0.00054
Weekday,July,11:00 AM,Produced,0.06118
Weekday,July,11:00 AM,Delivered,0.00078
Weekday,August,11:00 AM,Produced,0.06626
Weekday,August,11:00 AM,Delivered,0.00084
Weekday,September,11:00 AM,Produced,0.06235
Weekday,September,11:00 AM,Delivered,0.00076
Weekday,October,11:00 AM,Produced,0.05799
Weekday,October,11:00 AM,Delivered,0.00074
Weekday,November,11:00 AM,Produced,0.05747
Weekday,November,11:00 AM,Delivered,0.00059
Weekday,December,11:00 AM,Produced,0.0654
Weekday,December,11:00 AM,Delivered,0.00063
Weekday,January,12:00 PM,Produced,0.06658
Weekday,January,12:00 PM,Delivered,0.00063
Weekday,February,12:00 PM,Produced,0.04628
Weekday,February,12:00 PM,Delivered,0.00044
Weekday,March,12:00 PM,Produced,0.01905
Weekday,March,12:00 PM,Delivered,0.00021
Weekday,April,12:00 PM,Produced,0.00838
Weekday,April,12:00 PM,Delivered,0.00012
Weekday,May,12:00 PM,Produced,0.01314
Weekday,May,12:00 PM,Delivered,0.00016
Weekday,June,12:00 PM,Produced,0.03246
Weekday,June,12:00 PM,Delivered,0.00061
Weekday,July,12:00 PM,Produced,0.05686
Weekday,July,12:00 PM,Delivered,0.00077
Weekday,August,12:00 PM,Produced,0.06712
Weekday,August,12:00 PM,Delivered,0.00089
Weekday,September,12:00 PM,Produced,0.06153
Weekday,September,12:00 PM,Delivered,0.00083
Weekday,October,12:00 PM,Produced,0.05705
Weekday,October,12:00 PM,Delivered,0.00081
Weekday,November,12:00 PM,Produced,0.05572
Weekday,November,12:00 PM,Delivered,0.00059
Weekday,December,12:00 PM,Produced,0.0628
Weekday,December,12:00 PM,Delivered,0.00061
Weekday,January,1:00 PM,Produced,0.06494
Weekday,January,1:00 PM,Delivered,0.00061
Weekday,February,1:00 PM,Produced,0.04219
Weekday,February,1:00 PM,Delivered,0.0004
Weekday,March,1:00 PM,Produced,0.01723
Weekday,March,1:00 PM,Delivered,0.00019
Weekday,April,1:00 PM,Produced,0.00383
Weekday,April,1:00 PM,Delivered,8e-05
Weekday,May,1:00 PM,Produced,0.0157
Weekday,May,1:00 PM,Delivered,0.00018
Weekday,June,1:00 PM,Produced,0.03263
Weekday,June,1:00 PM,Delivered,0.00066
Weekday,July,1:00 PM,Produced,0.05354
Weekday,July,1:00 PM,Delivered,0.00075
Weekday,August,1:00 PM,Produced,0.06749
Weekday,August,1:00 PM,Delivered,0.00093
Weekday,September,1:00 PM,Produced,0.06066
Weekday,September,1:00 PM,Delivered,0.00089
Weekday,October,1:00 PM,Produced,0.05644
Weekday,October,1:00 PM,Delivered,0.00087
Weekday,November,1:00 PM,Produced,0.05002
Weekday,November,1:00 PM,Delivered,0.00055
Weekday,December,1:00 PM,Produced,0.0621
Weekday,December,1:00 PM,Delivered,0.0006
Weekday,January,2:00 PM,Produced,0.06351
Weekday,January,2:00 PM,Delivered,0.0006
Weekday,February,2:00 PM,Produced,0.03447
Weekday,February,2:00 PM,Delivered,0.00035
Weekday,March,2:00 PM,Produced,0.01669
Weekday,March,2:00 PM,Delivered,0.0002
Weekday,April,2:00 PM,Produced,0.00173
Weekday,April,2:00 PM,Delivered,7e-05
Weekday,May,2:00 PM,Produced,0.01226
Weekday,May,2:00 PM,Delivered,0.00016
Weekday,June,2:00 PM,Produced,0.0374
Weekday,June,2:00 PM,Delivered,0.00088
Weekday,July,2:00 PM,Produced,0.05342
Weekday,July,2:00 PM,Delivered,0.00093
Weekday,August,2:00 PM,Produced,0.06685
Weekday,August,2:00 PM,Delivered,0.00115
Weekday,September,2:00 PM,Produced,0.06108
Weekday,September,2:00 PM,Delivered,0.00108
Weekday,October,2:00 PM,Produced,0.05622
Weekday,October,2:00 PM,Delivered,0.00103
Weekday,November,2:00 PM,Produced,0.05109
Weekday,November,2:00 PM,Delivered,0.0006
Weekday,December,2:00 PM,Produced,0.06329
Weekday,December,2:00 PM,Delivered,0.00061
Weekday,January,3:00 PM,Produced,0.06592
Weekday,January,3:00 PM,Delivered,0.00062
Weekday,February,3:00 PM,Produced,0.03438
Weekday,February,3:00 PM,Delivered,0.00032
Weekday,March,3:00 PM,Produced,0.01732
Weekday,March,3:00 PM,Delivered,0.00021
Weekday,April,3:00 PM,Produced,0.00012
Weekday,April,3:00 PM,Delivered,6e-05
Weekday,May,3:00 PM,Produced,0.01208
Weekday,May,3:00 PM,Delivered,0.00017
Weekday,June,3:00 PM,Produced,0.03208
Weekday,June,3:00 PM,Delivered,0.00105
Weekday,July,3:00 PM,Produced,0.05522
Weekday,July,3:00 PM,Delivered,0.00119
Weekday,August,3:00 PM,Produced,0.07026
Weekday,August,3:00 PM,Delivered,0.00148
Weekday,September,3:00 PM,Produced,0.06149
Weekday,September,3:00 PM,Delivered,0.00129
Weekday,October,3:00 PM,Produced,0.05583
Weekday,October,3:00 PM,Delivered,0.00122
Weekday,November,3:00 PM,Produced,0.0654
Weekday,November,3:00 PM,Delivered,0.00077
Weekday,December,3:00 PM,Produced,0.07156
Weekday,December,3:00 PM,Delivered,0.00068
Weekday,January,4:00 PM,Produced,0.08167
Weekday,January,4:00 PM,Delivered,0.00077
Weekday,February,4:00 PM,Produced,0.06701
Weekday,February,4:00 PM,Delivered,0.00063
Weekday,March,4:00 PM,Produced,0.02527
Weekday,March,4:00 PM,Delivered,0.00029
Weekday,April,4:00 PM,Produced,0.00134
Weekday,April,4:00 PM,Delivered,7e-05
Weekday,May,4:00 PM,Produced,0.01487
Weekday,May,4:00 PM,Delivered,0.00019
Weekday,June,4:00 PM,Produced,0.03744
Weekday,June,4:00 PM,Delivered,0.08865
Weekday,July,4:00 PM,Produced,0.05467
Weekday,July,4:00 PM,Delivered,0.08648
Weekday,August,4:00 PM,Produced,0.0827
Weekday,August,4:00 PM,Delivered,0.08162
Weekday,September,4:00 PM,Produced,0.07514
Weekday,September,4:00 PM,Delivered,0.00159
Weekday,October,4:00 PM,Produced,0.06141
Weekday,October,4:00 PM,Delivered,0.00149
Weekday,November,4:00 PM,Produced,0.09269
Weekday,November,4:00 PM,Delivered,0.00109
Weekday,December,4:00 PM,Produced,0.09202
Weekday,December,4:00 PM,Delivered,0.00089
Weekday,January,5:00 PM,Produced,0.1084
Weekday,January,5:00 PM,Delivered,0.00105
Weekday,February,5:00 PM,Produced,0.10664
Weekday,February,5:00 PM,Delivered,0.00105
Weekday,March,5:00 PM,Produced,0.06148
Weekday,March,5:00 PM,Delivered,0.00065
Weekday,April,5:00 PM,Produced,0.00686
Weekday,April,5:00 PM,Delivered,0.00011
Weekday,May,5:00 PM,Produced,0.0342
Weekday,May,5:00 PM,Delivered,0.00038
Weekday,June,5:00 PM,Produced,0.04874
Weekday,June,5:00 PM,Delivered,0.17958
Weekday,July,5:00 PM,Produced,0.06615
Weekday,July,5:00 PM,Delivered,0.25932
Weekday,August,5:00 PM,Produced,0.84969
Weekday,August,5:00 PM,Delivered,0.1649
Weekday,September,5:00 PM,Produced,0.13748
Weekday,September,5:00 PM,Delivered,0.00203
Weekday,October,5:00 PM,Produced,0.08999
Weekday,October,5:00 PM,Delivered,0.00198
Weekday,November,5:00 PM,Produced,0.09694
Weekday,November,5:00 PM,Delivered,0.00117
Weekday,December,5:00 PM,Produced,0.09722
Weekday,December,5:00 PM,Delivered,0.00098
Weekday,January,6:00 PM,Produced,0.10144
Weekday,January,6:00 PM,Delivered,0.00105
Weekday,February,6:00 PM,Produced,0.09436
Weekday,February,6:00 PM,Delivered,0.00101
Weekday,March,6:00 PM,Produced,0.08565
Weekday,March,6:00 PM,Delivered,0.00088
Weekday,April,6:00 PM,Produced,0.07747
Weekday,April,6:00 PM,Delivered,0.00081
Weekday,May,6:00 PM,Produced,0.08079
Weekday,May,6:00 PM,Delivered,0.00083
Weekday,June,6:00 PM,Produced,0.08745
Weekday,June,6:00 PM,Delivered,0.18358
Weekday,July,6:00 PM,Produced,0.09593
Weekday,July,6:00 PM,Delivered,0.2684
Weekday,August,6:00 PM,Produced,0.88369
Weekday,August,6:00 PM,Delivered,0.24645
Weekday,September,6:00 PM,Produced,0.4586
Weekday,September,6:00 PM,Delivered,0.00216
Weekday,October,6:00 PM,Produced,0.09251
Weekday,October,6:00 PM,Delivered,0.00199
Weekday,November,6:00 PM,Produced,0.08886
Weekday,November,6:00 PM,Delivered,0.00109
Weekday,December,6:00 PM,Produced,0.09717
Weekday,December,6:00 PM,Delivered,0.00101
Weekday,January,7:00 PM,Produced,0.09332
Weekday,January,7:00 PM,Delivered,0.00097
Weekday,February,7:00 PM,Produced,0.08816
Weekday,February,7:00 PM,Delivered,0.00094
Weekday,March,7:00 PM,Produced,0.08377
Weekday,March,7:00 PM,Delivered,0.00087
Weekday,April,7:00 PM,Produced,0.07749
Weekday,April,7:00 PM,Delivered,0.00081
Weekday,May,7:00 PM,Produced,0.08646
Weekday,May,7:00 PM,Delivered,0.00088
Weekday,June,7:00 PM,Produced,0.08982
Weekday,June,7:00 PM,Delivered,0.18025
Weekday,July,7:00 PM,Produced,0.10708
Weekday,July,7:00 PM,Delivered,0.35038
Weekday,August,7:00 PM,Produced,0.91354
Weekday,August,7:00 PM,Delivered,0.24087
Weekday,September,7:00 PM,Produced,0.59312
Weekday,September,7:00 PM,Delivered,0.00193
Weekday,October,7:00 PM,Produced,0.0908
Weekday,October,7:00 PM,Delivered,0.00217
Weekday,November,7:00 PM,Produced,0.08601
Weekday,November,7:00 PM,Delivered,0.00108
Weekday,December,7:00 PM,Produced,0.08986
Weekday,December,7:00 PM,Delivered,0.00096
Weekday,January,8:00 PM,Produced,0.09259
Weekday,January,8:00 PM,Delivered,0.00093
Weekday,February,8:00 PM,Produced,0.08732
Weekday,February,8:00 PM,Delivered,0.0009
Weekday,March,8:00 PM,Produced,0.07945
Weekday,March,8:00 PM,Delivered,0.00085
Weekday,April,8:00 PM,Produced,0.0734
Weekday,April,8:00 PM,Delivered,0.00078
Weekday,May,8:00 PM,Produced,0.07534
Weekday,May,8:00 PM,Delivered,0.00078
Weekday,June,8:00 PM,Produced,0.08665
Weekday,June,8:00 PM,Delivered,0.09017
Weekday,July,8:00 PM,Produced,0.09096
Weekday,July,8:00 PM,Delivered,0.17324
Weekday,August,8:00 PM,Produced,0.99821
Weekday,August,8:00 PM,Delivered,0.08217
Weekday,September,8:00 PM,Produced,0.31697
Weekday,September,8:00 PM,Delivered,0.00177
Weekday,October,8:00 PM,Produced,0.08654
Weekday,October,8:00 PM,Delivered,0.00167
Weekday,November,8:00 PM,Produced,0.0852
Weekday,November,8:00 PM,Delivered,0.001
Weekday,December,8:00 PM,Produced,0.08965
Weekday,December,8:00 PM,Delivered,0.00092
Weekday,January,9:00 PM,Produced,0.09362
Weekday,January,9:00 PM,Delivered,0.0009
Weekday,February,9:00 PM,Produced,0.08849
Weekday,February,9:00 PM,Delivered,0.00087
Weekday,March,9:00 PM,Produced,0.07583
Weekday,March,9:00 PM,Delivered,0.00084
Weekday,April,9:00 PM,Produced,0.07184
Weekday,April,9:00 PM,Delivered,0.0008
Weekday,May,9:00 PM,Produced,0.07135
Weekday,May,9:00 PM,Delivered,0.00078
Weekday,June,9:00 PM,Produced,0.08225
Weekday,June,9:00 PM,Delivered,0.00143
Weekday,July,9:00 PM,Produced,0.08248
Weekday,July,9:00 PM,Delivered,0.00168
Weekday,August,9:00 PM,Produced,0.89598
Weekday,August,9:00 PM,Delivered,0.00183
Weekday,September,9:00 PM,Produced,0.1541
Weekday,September,9:00 PM,Delivered,0.00144
Weekday,October,9:00 PM,Produced,0.08371
Weekday,October,9:00 PM,Delivered,0.0014
Weekday,November,9:00 PM,Produced,0.08604
Weekday,November,9:00 PM,Delivered,0.00089
Weekday,December,9:00 PM,Produced,0.09155
Weekday,December,9:00 PM,Delivered,0.0009
Weekday,January,10:00 PM,Produced,0.09652
Weekday,January,10:00 PM,Delivered,0.00089
Weekday,February,10:00 PM,Produced,0.09325
Weekday,February,10:00 PM,Delivered,0.00088
Weekday,March,10:00 PM,Produced,0.07524
Weekday,March,10:00 PM,Delivered,0.0008
Weekday,April,10:00 PM,Produced,0.07114
Weekday,April,10:00 PM,Delivered,0.00077
Weekday,May,10:00 PM,Produced,0.07225
Weekday,May,10:00 PM,Delivered,0.00077
Weekday,June,10:00 PM,Produced,0.08015
Weekday,June,10:00 PM,Delivered,0.00106
Weekday,July,10:00 PM,Produced,0.0811
Weekday,July,10:00 PM,Delivered,0.0012
Weekday,August,10:00 PM,Produced,0.88896
Weekday,August,10:00 PM,Delivered,0.00128
Weekday,September,10:00 PM,Produced,0.15414
Weekday,September,10:00 PM,Delivered,0.00106
Weekday,October,10:00 PM,Produced,0.08871
Weekday,October,10:00 PM,Delivered,0.00108
Weekday,November,10:00 PM,Produced,0.08711
Weekday,November,10:00 PM,Delivered,0.00084
Weekday,December,10:00 PM,Produced,0.09178
Weekday,December,10:00 PM,Delivered,0.00087
Weekday,January,11:00 PM,Produced,0.09499
Weekday,January,11:00 PM,Delivered,0.00088
Weekday,February,11:00 PM,Produced,0.09056
Weekday,February,11:00 PM,Delivered,0.00085
Weekday,March,11:00 PM,Produced,0.07663
Weekday,March,11:00 PM,Delivered,0.00077
Weekday,April,11:00 PM,Produced,0.07563
Weekday,April,11:00 PM,Delivered,0.00077
Weekday,May,11:00 PM,Produced,0.07448
Weekday,May,11:00 PM,Delivered,0.00074
Weekday,June,11:00 PM,Produced,0.07527
Weekday,June,11:00 PM,Delivered,0.00078
Weekday,July,11:00 PM,Produced,0.07494
Weekday,July,11:00 PM,Delivered,0.0008
Weekday,August,11:00 PM,Produced,0.09262
Weekday,August,11:00 PM,Delivered,0.00096
Weekday,September,11:00 PM,Produced,0.09576
Weekday,September,11:00 PM,Delivered,0.00093
Weekday,October,11:00 PM,Produced,0.09037
Weekday,October,11:00 PM,Delivered,0.00092
Weekday,November,11:00 PM,Produced,0.09232
Weekday,November,11:00 PM,Delivered,0.00085
Weekday,December,11:00 PM,Produced,0.09049
Weekday,December,11:00 PM,Delivered,0.00086
Weekend/Holiday,January,12:00 AM,Produced,0.0903
Weekend/Holiday,January,12:00 AM,Delivered,0.00083
Weekend/Holiday,February,12:00 AM,Produced,0.0846
Weekend/Holiday,February,12:00 AM,Delivered,0.00079
Weekend/Holiday,March,12:00 AM,Produced,0.06731
Weekend/Holiday,March,12:00 AM,Delivered,0.00067
Weekend/Holiday,April,12:00 AM,Produced,0.06547
Weekend/Holiday,April,12:00 AM,Delivered,0.00066
Weekend/Holiday,May,12:00 AM,Produced,0.06724
Weekend/Holiday,May,12:00 AM,Delivered,0.00066
Weekend/Holiday,June,12:00 AM,Produced,0.0723
Weekend/Holiday,June,12:00 AM,Delivered,0.00071
Weekend/Holiday,July,12:00 AM,Produced,0.07968
Weekend/Holiday,July,12:00 AM,Delivered,0.00079
Weekend/Holiday,August,12:00 AM,Produced,0.08461
Weekend/Holiday,August,12:00 AM,Delivered,0.00086
Weekend/Holiday,September,12:00 AM,Produced,0.07987
Weekend/Holiday,September,12:00 AM,Delivered,0.00079
Weekend/Holiday,October,12:00 AM,Produced,0.07751
Weekend/Holiday,October,12:00 AM,Delivered,0.00077
Weekend/Holiday,November,12:00 AM,Produced,0.08346
Weekend/Holiday,November,12:00 AM,Delivered,0.00079
Weekend/Holiday,December,12:00 AM,Produced,0.08325
Weekend/Holiday,December,12:00 AM,Delivered,0.00079
Weekend/Holiday,January,1:00 AM,Produced,0.08984
Weekend/Holiday,January,1:00 AM,Delivered,0.00083
Weekend/Holiday,February,1:00 AM,Produced,0.08685
Weekend/Holiday,February,1:00 AM,Delivered,0.00081
Weekend/Holiday,March,1:00 AM,Produced,0.06841
Weekend/Holiday,March,1:00 AM,Delivered,0.00071
Weekend/Holiday,April,1:00 AM,Produced,0.0669
Weekend/Holiday,April,1:00 AM,Delivered,0.00067
Weekend/Holiday,May,1:00 AM,Produced,0.07098
Weekend/Holiday,May,1:00 AM,Delivered,0.0007
Weekend/Holiday,June,1:00 AM,Produced,0.07034
Weekend/Holiday,June,1:00 AM,Delivered,0.00069
Weekend/Holiday,July,1:00 AM,Produced,0.0741
Weekend/Holiday,July,1:00 AM,Delivered,0.00073
Weekend/Holiday,August,1:00 AM,Produced,0.08364
Weekend/Holiday,August,1:00 AM,Delivered,0.00083
Weekend/Holiday,September,1:00 AM,Produced,0.08358
Weekend/Holiday,September,1:00 AM,Delivered,0.00082
Weekend/Holiday,October,1:00 AM,Produced,0.07975
Weekend/Holiday,October,1:00 AM,Delivered,0.00079
Weekend/Holiday,November,1:00 AM,Produced,0.08009
Weekend/Holiday,November,1:00 AM,Delivered,0.00101
Weekend/Holiday,December,1:00 AM,Produced,0.08051
Weekend/Holiday,December,1:00 AM,Delivered,0.00076
Weekend/Holiday,January,2:00 AM,Produced,0.091
Weekend/Holiday,January,2:00 AM,Delivered,0.00084
Weekend/Holiday,February,2:00 AM,Produced,0.08957
Weekend/Holiday,February,2:00 AM,Delivered,0.00084
Weekend/Holiday,March,2:00 AM,Produced,0.06772
Weekend/Holiday,March,2:00 AM,Delivered,0.00067
Weekend/Holiday,April,2:00 AM,Produced,0.0715
Weekend/Holiday,April,2:00 AM,Delivered,0.00072
Weekend/Holiday,May,2:00 AM,Produced,0.07765
Weekend/Holiday,May,2:00 AM,Delivered,0.00076
Weekend/Holiday,June,2:00 AM,Produced,0.07112
Weekend/Holiday,June,2:00 AM,Delivered,0.0007
Weekend/Holiday,July,2:00 AM,Produced,0.07208
Weekend/Holiday,July,2:00 AM,Delivered,0.0007
Weekend/Holiday,August,2:00 AM,Produced,0.08476
Weekend/Holiday,August,2:00 AM,Delivered,0.00084
Weekend/Holiday,September,2:00 AM,Produced,0.08307
Weekend/Holiday,September,2:00 AM,Delivered,0.00081
Weekend/Holiday,October,2:00 AM,Produced,0.07693
Weekend/Holiday,October,2:00 AM,Delivered,0.00076
Weekend/Holiday,November,2:00 AM,Produced,0.07845
Weekend/Holiday,November,2:00 AM,Delivered,0.00074
Weekend/Holiday,December,2:00 AM,Produced,0.07688
Weekend/Holiday,December,2:00 AM,Delivered,0.00073
Weekend/Holiday,January,3:00 AM,Produced,0.08984
Weekend/Holiday,January,3:00 AM,Delivered,0.00083
Weekend/Holiday,February,3:00 AM,Produced,0.09125
Weekend/Holiday,February,3:00 AM,Delivered,0.00086
Weekend/Holiday,March,3:00 AM,Produced,0.07237
Weekend/Holiday,March,3:00 AM,Delivered,0.00072
Weekend/Holiday,April,3:00 AM,Produced,0.076
Weekend/Holiday,April,3:00 AM,Delivered,0.00076
Weekend/Holiday,May,3:00 AM,Produced,0.07906
Weekend/Holiday,May,3:00 AM,Delivered,0.00078
Weekend/Holiday,June,3:00 AM,Produced,0.07175
Weekend/Holiday,June,3:00 AM,Delivered,0.0007
Weekend/Holiday,July,3:00 AM,Produced,0.07341
Weekend/Holiday,July,3:00 AM,Delivered,0.00072
Weekend/Holiday,August,3:00 AM,Produced,0.08067
Weekend/Holiday,August,3:00 AM,Delivered,0.0008
Weekend/Holiday,September,3:00 AM,Produced,0.08037
Weekend/Holiday,September,3:00 AM,Delivered,0.00078
Weekend/Holiday,October,3:00 AM,Produced,0.07529
Weekend/Holiday,October,3:00 AM,Delivered,0.00074
Weekend/Holiday,November,3:00 AM,Produced,0.08023
Weekend/Holiday,November,3:00 AM,Delivered,0.00076
Weekend/Holiday,December,3:00 AM,Produced,0.07305
Weekend/Holiday,December,3:00 AM,Delivered,0.00069
Weekend/Holiday,January,4:00 AM,Produced,0.08937
Weekend/Holiday,January,4:00 AM,Delivered,0.00083
Weekend/Holiday,February,4:00 AM,Produced,0.08856
Weekend/Holiday,February,4:00 AM,Delivered,0.00083
Weekend/Holiday,March,4:00 AM,Produced,0.07289
Weekend/Holiday,March,4:00 AM,Delivered,0.00077
Weekend/Holiday,April,4:00 AM,Produced,0.07439
Weekend/Holiday,April,4:00 AM,Delivered,0.00075
Weekend/Holiday,May,4:00 AM,Produced,0.07592
Weekend/Holiday,May,4:00 AM,Delivered,0.00075
Weekend/Holiday,June,4:00 AM,Produced,0.07002
Weekend/Holiday,June,4:00 AM,Delivered,0.00068
Weekend/Holiday,July,4:00 AM,Produced,0.07151
Weekend/Holiday,July,4:00 AM,Delivered,0.0007
Weekend/Holiday,August,4:00 AM,Produced,0.08
Weekend/Holiday,August,4:00 AM,Delivered,0.00079
Weekend/Holiday,September,4:00 AM,Produced,0.08037
Weekend/Holiday,September,4:00 AM,Delivered,0.00078
Weekend/Holiday,October,4:00 AM,Produced,0.07914
Weekend/Holiday,October,4:00 AM,Delivered,0.00078
Weekend/Holiday,November,4:00 AM,Produced,0.08184
Weekend/Holiday,November,4:00 AM,Delivered,0.00078
Weekend/Holiday,December,4:00 AM,Produced,0.07337
Weekend/Holiday,December,4:00 AM,Delivered,0.0007
Weekend/Holiday,January,5:00 AM,Produced,0.09069
Weekend/Holiday,January,5:00 AM,Delivered,0.00084
Weekend/Holiday,February,5:00 AM,Produced,0.08576
Weekend/Holiday,February,5:00 AM,Delivered,0.0008
Weekend/Holiday,March,5:00 AM,Produced,0.07497
Weekend/Holiday,March,5:00 AM,Delivered,0.00074
Weekend/Holiday,April,5:00 AM,Produced,0.07471
Weekend/Holiday,April,5:00 AM,Delivered,0.00075
Weekend/Holiday,May,5:00 AM,Produced,0.06751
Weekend/Holiday,May,5:00 AM,Delivered,0.00066
Weekend/Holiday,June,5:00 AM,Produced,0.08784
Weekend/Holiday,June,5:00 AM,Delivered,0.00077
Weekend/Holiday,July,5:00 AM,Produced,0.07095
Weekend/Holiday,July,5:00 AM,Delivered,0.00069
Weekend/Holiday,August,5:00 AM,Produced,0.08048
Weekend/Holiday,August,5:00 AM,Delivered,0.00079
Weekend/Holiday,September,5:00 AM,Produced,0.08216
Weekend/Holiday,September,5:00 AM,Delivered,0.0008
Weekend/Holiday,October,5:00 AM,Produced,0.07923
Weekend/Holiday,October,5:00 AM,Delivered,0.00078
Weekend/Holiday,November,5:00 AM,Produced,0.0845
Weekend/Holiday,November,5:00 AM,Delivered,0.0008
Weekend/Holiday,December,5:00 AM,Produced,0.07528
Weekend/Holiday,December,5:00 AM,Delivered,0.00071
Weekend/Holiday,January,6:00 AM,Produced,0.09263
Weekend/Holiday,January,6:00 AM,Delivered,0.00086
Weekend/Holiday,February,6:00 AM,Produced,0.08075
Weekend/Holiday,February,6:00 AM,Delivered,0.00076
Weekend/Holiday,March,6:00 AM,Produced,0.07353
Weekend/Holiday,March,6:00 AM,Delivered,0.00079
Weekend/Holiday,April,6:00 AM,Produced,0.06791
Weekend/Holiday,April,6:00 AM,Delivered,0.00068
Weekend/Holiday,May,6:00 AM,Produced,0.06909
Weekend/Holiday,May,6:00 AM,Delivered,0.00068
Weekend/Holiday,June,6:00 AM,Produced,0.07387
Weekend/Holiday,June,6:00 AM,Delivered,0.00072
Weekend/Holiday,July,6:00 AM,Produced,0.0682
Weekend/Holiday,July,6:00 AM,Delivered,0.00067
Weekend/Holiday,August,6:00 AM,Produced,0.0747
Weekend/Holiday,August,6:00 AM,Delivered,0.00084
Weekend/Holiday,September,6:00 AM,Produced,0.08029
Weekend/Holiday,September,6:00 AM,Delivered,0.00079
Weekend/Holiday,October,6:00 AM,Produced,0.07848
Weekend/Holiday,October,6:00 AM,Delivered,0.00077
Weekend/Holiday,November,6:00 AM,Produced,0.08275
Weekend/Holiday,November,6:00 AM,Delivered,0.00079
Weekend/Holiday,December,6:00 AM,Produced,0.07777
Weekend/Holiday,December,6:00 AM,Delivered,0.00074
Weekend/Holiday,January,7:00 AM,Produced,0.08395
Weekend/Holiday,January,7:00 AM,Delivered,0.00078
Weekend/Holiday,February,7:00 AM,Produced,0.0732
Weekend/Holiday,February,7:00 AM,Delivered,0.00069
Weekend/Holiday,March,7:00 AM,Produced,0.06699
Weekend/Holiday,March,7:00 AM,Delivered,0.00067
Weekend/Holiday,April,7:00 AM,Produced,0.04733
Weekend/Holiday,April,7:00 AM,Delivered,0.00047
Weekend/Holiday,May,7:00 AM,Produced,0.036
Weekend/Holiday,May,7:00 AM,Delivered,0.00035
Weekend/Holiday,June,7:00 AM,Produced,0.06172
Weekend/Holiday,June,7:00 AM,Delivered,0.00061
Weekend/Holiday,July,7:00 AM,Produced,0.06634
Weekend/Holiday,July,7:00 AM,Delivered,0.00066
Weekend/Holiday,August,7:00 AM,Produced,0.06124
Weekend/Holiday,August,7:00 AM,Delivered,0.00099
Weekend/Holiday,September,7:00 AM,Produced,0.06548
Weekend/Holiday,September,7:00 AM,Delivered,0.00067
Weekend/Holiday,October,7:00 AM,Produced,0.07027
Weekend/Holiday,October,7:00 AM,Delivered,0.0007
Weekend/Holiday,November,7:00 AM,Produced,0.06307
Weekend/Holiday,November,7:00 AM,Delivered,0.00062
Weekend/Holiday,December,7:00 AM,Produced,0.06678
Weekend/Holiday,December,7:00 AM,Delivered,0.00065
Weekend/Holiday,January,8:00 AM,Produced,0.06891
Weekend/Holiday,January,8:00 AM,Delivered,0.00065
Weekend/Holiday,February,8:00 AM,Produced,0.04965
Weekend/Holiday,February,8:00 AM,Delivered,0.00047
Weekend/Holiday,March,8:00 AM,Produced,0.00984
Weekend/Holiday,March,8:00 AM,Delivered,0.00015
Weekend/Holiday,April,8:00 AM,Produced,0.00483
Weekend/Holiday,April,8:00 AM,Delivered,5e-05
Weekend/Holiday,May,8:00 AM,Produced,0.0032
Weekend/Holiday,May,8:00 AM,Delivered,4e-05
Weekend/Holiday,June,8:00 AM,Produced,0.0222
Weekend/Holiday,June,8:00 AM,Delivered,0.00024
Weekend/Holiday,July,8:00 AM,Produced,0.02753
Weekend/Holiday,July,8:00 AM,Delivered,0.00031
Weekend/Holiday,August,8:00 AM,Produced,0.04288
Weekend/Holiday,August,8:00 AM,Delivered,0.00072
Weekend/Holiday,September,8:00 AM,Produced,0.03982
Weekend/Holiday,September,8:00 AM,Delivered,0.00044
Weekend/Holiday,October,8:00 AM,Produced,0.04243
Weekend/Holiday,October,8:00 AM,Delivered,0.00046
Weekend/Holiday,November,8:00 AM,Produced,0.04357
Weekend/Holiday,November,8:00 AM,Delivered,0.00043
Weekend/Holiday,December,8:00 AM,Produced,0.04454
Weekend/Holiday,December,8:00 AM,Delivered,0.00043
Weekend/Holiday,January,9:00 AM,Produced,0.05923
Weekend/Holiday,January,9:00 AM,Delivered,0.00056
Weekend/Holiday,February,9:00 AM,Produced,0.02884
Weekend/Holiday,February,9:00 AM,Delivered,0.00028
Weekend/Holiday,March,9:00 AM,Produced,0.00383
Weekend/Holiday,March,9:00 AM,Delivered,4e-05
Weekend/Holiday,April,9:00 AM,Produced,0.00592
Weekend/Holiday,April,9:00 AM,Delivered,7e-05
Weekend/Holiday,May,9:00 AM,Produced,0.00623
Weekend/Holiday,May,9:00 AM,Delivered,7e-05
Weekend/Holiday,June,9:00 AM,Produced,0.01851
Weekend/Holiday,June,9:00 AM,Delivered,0.00024
Weekend/Holiday,July,9:00 AM,Produced,0.0273
Weekend/Holiday,July,9:00 AM,Delivered,0.00034
Weekend/Holiday,August,9:00 AM,Produced,0.03943
Weekend/Holiday,August,9:00 AM,Delivered,0.00048
Weekend/Holiday,September,9:00 AM,Produced,0.02742
Weekend/Holiday,September,9:00 AM,Delivered,0.00033
Weekend/Holiday,October,9:00 AM,Produced,0.02101
Weekend/Holiday,October,9:00 AM,Delivered,0.0003
Weekend/Holiday,November,9:00 AM,Produced,0.03516
Weekend/Holiday,November,9:00 AM,Delivered,0.00036
Weekend/Holiday,December,9:00 AM,Produced,0.02315
Weekend/Holiday,December,9:00 AM,Delivered,0.00022
Weekend/Holiday,January,10:00 AM,Produced,0.05806
Weekend/Holiday,January,10:00 AM,Delivered,0.00055
Weekend/Holiday,February,10:00 AM,Produced,0.03107
Weekend/Holiday,February,10:00 AM,Delivered,0.00029
Weekend/Holiday,March,10:00 AM,Produced,0.0047
Weekend/Holiday,March,10:00 AM,Delivered,9e-05
Weekend/Holiday,April,10:00 AM,Produced,0.00676
Weekend/Holiday,April,10:00 AM,Delivered,8e-05
Weekend/Holiday,May,10:00 AM,Produced,0.00554
Weekend/Holiday,May,10:00 AM,Delivered,6e-05
Weekend/Holiday,June,10:00 AM,Produced,0.01906
Weekend/Holiday,June,10:00 AM,Delivered,0.00024
Weekend/Holiday,July,10:00 AM,Produced,0.02883
Weekend/Holiday,July,10:00 AM,Delivered,0.00036
Weekend/Holiday,August,10:00 AM,Produced,0.03987
Weekend/Holiday,August,10:00 AM,Delivered,0.00061
Weekend/Holiday,September,10:00 AM,Produced,0.02492
Weekend/Holiday,September,10:00 AM,Delivered,0.00035
Weekend/Holiday,October,10:00 AM,Produced,0.02075
Weekend/Holiday,October,10:00 AM,Delivered,0.00036
Weekend/Holiday,November,10:00 AM,Produced,0.03193
Weekend/Holiday,November,10:00 AM,Delivered,0.00032
Weekend/Holiday,December,10:00 AM,Produced,0.02012
Weekend/Holiday,December,10:00 AM,Delivered,0.00019
Weekend/Holiday,January,11:00 AM,Produced,0.05744
Weekend/Holiday,January,11:00 AM,Delivered,0.00054
Weekend/Holiday,February,11:00 AM,Produced,0.02672
Weekend/Holiday,February,11:00 AM,Delivered,0.00025
Weekend/Holiday,March,11:00 AM,Produced,0.00674
Weekend/Holiday,March,11:00 AM,Delivered,7e-05
Weekend/Holiday,April,11:00 AM,Produced,0.01091
Weekend/Holiday,April,11:00 AM,Delivered,0.00012
Weekend/Holiday,May,11:00 AM,Produced,0.00589
Weekend/Holiday,May,11:00 AM,Delivered,6e-05
Weekend/Holiday,June,11:00 AM,Produced,0.01274
Weekend/Holiday,June,11:00 AM,Delivered,0.00021
Weekend/Holiday,July,11:00 AM,Produced,0.02706
Weekend/Holiday,July,11:00 AM,Delivered,0.00037
Weekend/Holiday,August,11:00 AM,Produced,0.03996
Weekend/Holiday,August,11:00 AM,Delivered,0.00055
Weekend/Holiday,September,11:00 AM,Produced,0.02287
Weekend/Holiday,September,11:00 AM,Delivered,0.00038
Weekend/Holiday,October,11:00 AM,Produced,0.02066
Weekend/Holiday,October,11:00 AM,Delivered,0.00046
Weekend/Holiday,November,11:00 AM,Produced,0.02938
Weekend/Holiday,November,11:00 AM,Delivered,0.00029
Weekend/Holiday,December,11:00 AM,Produced,0.02085
Weekend/Holiday,December,11:00 AM,Delivered,0.0002
Weekend/Holiday,January,12:00 PM,Produced,0.05803
Weekend/Holiday,January,12:00 PM,Delivered,0.00055
Weekend/Holiday,February,12:00 PM,Produced,0.02858
Weekend/Holiday,February,12:00 PM,Delivered,0.00026
Weekend/Holiday,March,12:00 PM,Produced,0.00923
Weekend/Holiday,March,12:00 PM,Delivered,0.00013
Weekend/Holiday,April,12:00 PM,Produced,0.00915
Weekend/Holiday,April,12:00 PM,Delivered,0.00011
Weekend/Holiday,May,12:00 PM,Produced,0.00826
Weekend/Holiday,May,12:00 PM,Delivered,9e-05
Weekend/Holiday,June,12:00 PM,Produced,0.0189
Weekend/Holiday,June,12:00 PM,Delivered,0.00029
Weekend/Holiday,July,12:00 PM,Produced,0.02917
Weekend/Holiday,July,12:00 PM,Delivered,0.00041
Weekend/Holiday,August,12:00 PM,Produced,0.03678
Weekend/Holiday,August,12:00 PM,Delivered,0.00055
Weekend/Holiday,September,12:00 PM,Produced,0.02091
Weekend/Holiday,September,12:00 PM,Delivered,0.0004
Weekend/Holiday,October,12:00 PM,Produced,0.0223
Weekend/Holiday,October,12:00 PM,Delivered,0.00064
Weekend/Holiday,November,12:00 PM,Produced,0.02777
Weekend/Holiday,November,12:00 PM,Delivered,0.00028
Weekend/Holiday,December,12:00 PM,Produced,0.02238
Weekend/Holiday,December,12:00 PM,Delivered,0.00021
Weekend/Holiday,January,1:00 PM,Produced,0.05702
Weekend/Holiday,January,1:00 PM,Delivered,0.00053
Weekend/Holiday,February,1:00 PM,Produced,0.02636
Weekend/Holiday,February,1:00 PM,Delivered,0.00024
Weekend/Holiday,March,1:00 PM,Produced,0.00155
Weekend/Holiday,March,1:00 PM,Delivered,3e-05
Weekend/Holiday,April,1:00 PM,Produced,0.00301
Weekend/Holiday,April,1:00 PM,Delivered,4e-05
Weekend/Holiday,May,1:00 PM,Produced,0.00809
Weekend/Holiday,May,1:00 PM,Delivered,8e-05
Weekend/Holiday,June,1:00 PM,Produced,0.01498
Weekend/Holiday,June,1:00 PM,Delivered,0.00025
Weekend/Holiday,July,1:00 PM,Produced,0.03181
Weekend/Holiday,July,1:00 PM,Delivered,0.00044
Weekend/Holiday,August,1:00 PM,Produced,0.03643
Weekend/Holiday,August,1:00 PM,Delivered,0.00056
Weekend/Holiday,September,1:00 PM,Produced,0.02186
Weekend/Holiday,September,1:00 PM,Delivered,0.00046
Weekend/Holiday,October,1:00 PM,Produced,0.01978
Weekend/Holiday,October,1:00 PM,Delivered,0.0008
Weekend/Holiday,November,1:00 PM,Produced,0.02564
Weekend/Holiday,November,1:00 PM,Delivered,0.00026
Weekend/Holiday,December,1:00 PM,Produced,0.01627
Weekend/Holiday,December,1:00 PM,Delivered,0.00015
Weekend/Holiday,January,2:00 PM,Produced,0.05576
Weekend/Holiday,January,2:00 PM,Delivered,0.00053
Weekend/Holiday,February,2:00 PM,Produced,0.03023
Weekend/Holiday,February,2:00 PM,Delivered,0.00028
Weekend/Holiday,March,2:00 PM,Produced,0.00076
Weekend/Holiday,March,2:00 PM,Delivered,4e-05
Weekend/Holiday,April,2:00 PM,Produced,0.0
Weekend/Holiday,April,2:00 PM,Delivered,2e-05
Weekend/Holiday,May,2:00 PM,Produced,0.00227
Weekend/Holiday,May,2:00 PM,Delivered,3e-05
Weekend/Holiday,June,2:00 PM,Produced,0.01315
Weekend/Holiday,June,2:00 PM,Delivered,0.0003
Weekend/Holiday,July,2:00 PM,Produced,0.02796
Weekend/Holiday,July,2:00 PM,Delivered,0.00049
Weekend/Holiday,August,2:00 PM,Produced,0.0367
Weekend/Holiday,August,2:00 PM,Delivered,0.00065
Weekend/Holiday,September,2:00 PM,Produced,0.02657
Weekend/Holiday,September,2:00 PM,Delivered,0.00061
Weekend/Holiday,October,2:00 PM,Produced,0.02137
Weekend/Holiday,October,2:00 PM,Delivered,0.00118
Weekend/Holiday,November,2:00 PM,Produced,0.022
Weekend/Holiday,November,2:00 PM,Delivered,0.00023
Weekend/Holiday,December,2:00 PM,Produced,0.01553
Weekend/Holiday,December,2:00 PM,Delivered,0.00015
Weekend/Holiday,January,3:00 PM,Produced,0.05808
Weekend/Holiday,January,3:00 PM,Delivered,0.00054
Weekend/Holiday,February,3:00 PM,Produced,0.02346
Weekend/Holiday,February,3:00 PM,Delivered,0.00022
Weekend/Holiday,March,3:00 PM,Produced,0.00713
Weekend/Holiday,March,3:00 PM,Delivered,8e-05
Weekend/Holiday,April,3:00 PM,Produced,0.0
Weekend/Holiday,April,3:00 PM,Delivered,2e-05
Weekend/Holiday,May,3:00 PM,Produced,0.0
Weekend/Holiday,May,3:00 PM,Delivered,1e-05
Weekend/Holiday,June,3:00 PM,Produced,0.01379
Weekend/Holiday,June,3:00 PM,Delivered,0.00039
Weekend/Holiday,July,3:00 PM,Produced,0.03185
Weekend/Holiday,July,3:00 PM,Delivered,0.00067
Weekend/Holiday,August,3:00 PM,Produced,0.04341
Weekend/Holiday,August,3:00 PM,Delivered,0.00081
Weekend/Holiday,September,3:00 PM,Produced,0.02905
Weekend/Holiday,September,3:00 PM,Delivered,0.00079
Weekend/Holiday,October,3:00 PM,Produced,0.02326
Weekend/Holiday,October,3:00 PM,Delivered,0.00188
Weekend/Holiday,November,3:00 PM,Produced,0.04483
Weekend/Holiday,November,3:00 PM,Delivered,0.00045
Weekend/Holiday,December,3:00 PM,Produced,0.04252
Weekend/Holiday,December,3:00 PM,Delivered,0.0004
Weekend/Holiday,January,4:00 PM,Produced,0.08449
Weekend/Holiday,January,4:00 PM,Delivered,0.0008
Weekend/Holiday,February,4:00 PM,Produced,0.06096
Weekend/Holiday,February,4:00 PM,Delivered,0.00057
Weekend/Holiday,March,4:00 PM,Produced,0.01873
Weekend/Holiday,March,4:00 PM,Delivered,0.00021
Weekend/Holiday,April,4:00 PM,Produced,0.0
Weekend/Holiday,April,4:00 PM,Delivered,2e-05
Weekend/Holiday,May,4:00 PM,Produced,0.00337
Weekend/Holiday,May,4:00 PM,Delivered,4e-05
Weekend/Holiday,June,4:00 PM,Produced,0.01453
Weekend/Holiday,June,4:00 PM,Delivered,0.00055
Weekend/Holiday,July,4:00 PM,Produced,0.03189
Weekend/Holiday,July,4:00 PM,Delivered,0.00101
Weekend/Holiday,August,4:00 PM,Produced,0.05839
Weekend/Holiday,August,4:00 PM,Delivered,0.00108
Weekend/Holiday,September,4:00 PM,Produced,0.04256
Weekend/Holiday,September,4:00 PM,Delivered,0.0012
Weekend/Holiday,October,4:00 PM,Produced,0.03994
Weekend/Holiday,October,4:00 PM,Delivered,0.00288
Weekend/Holiday,November,4:00 PM,Produced,0.08149
Weekend/Holiday,November,4:00 PM,Delivered,0.00082
Weekend/Holiday,December,4:00 PM,Produced,0.0864
Weekend/Holiday,December,4:00 PM,Delivered,0.00082
Weekend/Holiday,January,5:00 PM,Produced,0.10484
Weekend/Holiday,January,5:00 PM,Delivered,0.00104
Weekend/Holiday,February,5:00 PM,Produced,0.09929
Weekend/Holiday,February,5:00 PM,Delivered,0.00099
Weekend/Holiday,March,5:00 PM,Produced,0.03387
Weekend/Holiday,March,5:00 PM,Delivered,0.00035
Weekend/Holiday,April,5:00 PM,Produced,0.00643
Weekend/Holiday,April,5:00 PM,Delivered,7e-05
Weekend/Holiday,May,5:00 PM,Produced,0.00518
Weekend/Holiday,May,5:00 PM,Delivered,5e-05
Weekend/Holiday,June,5:00 PM,Produced,0.02874
Weekend/Holiday,June,5:00 PM,Delivered,0.00097
Weekend/Holiday,July,5:00 PM,Produced,0.04913
Weekend/Holiday,July,5:00 PM,Delivered,0.00172
Weekend/Holiday,August,5:00 PM,Produced,0.88931
Weekend/Holiday,August,5:00 PM,Delivered,0.00168
Weekend/Holiday,September,5:00 PM,Produced,0.129
Weekend/Holiday,September,5:00 PM,Delivered,0.00184
Weekend/Holiday,October,5:00 PM,Produced,0.07922
Weekend/Holiday,October,5:00 PM,Delivered,0.00398
Weekend/Holiday,November,5:00 PM,Produced,0.09229
Weekend/Holiday,November,5:00 PM,Delivered,0.00098
Weekend/Holiday,December,5:00 PM,Produced,0.08818
Weekend/Holiday,December,5:00 PM,Delivered,0.00087
Weekend/Holiday,January,6:00 PM,Produced,0.09859
Weekend/Holiday,January,6:00 PM,Delivered,0.00104
Weekend/Holiday,February,6:00 PM,Produced,0.10261
Weekend/Holiday,February,6:00 PM,Delivered,0.0011
Weekend/Holiday,March,6:00 PM,Produced,0.07502
Weekend/Holiday,March,6:00 PM,Delivered,0.00079
Weekend/Holiday,April,6:00 PM,Produced,0.07245
Weekend/Holiday,April,6:00 PM,Delivered,0.00073
Weekend/Holiday,May,6:00 PM,Produced,0.06151
Weekend/Holiday,May,6:00 PM,Delivered,0.00061
Weekend/Holiday,June,6:00 PM,Produced,0.07458
Weekend/Holiday,June,6:00 PM,Delivered,0.00175
Weekend/Holiday,July,6:00 PM,Produced,0.0917
Weekend/Holiday,July,6:00 PM,Delivered,0.00271
Weekend/Holiday,August,6:00 PM,Produced,0.94329
Weekend/Holiday,August,6:00 PM,Delivered,0.00256
Weekend/Holiday,September,6:00 PM,Produced,0.53122
Weekend/Holiday,September,6:00 PM,Delivered,0.00244
Weekend/Holiday,October,6:00 PM,Produced,0.08521
Weekend/Holiday,October,6:00 PM,Delivered,0.00434
Weekend/Holiday,November,6:00 PM,Produced,0.08656
Weekend/Holiday,November,6:00 PM,Delivered,0.00099
Weekend/Holiday,December,6:00 PM,Produced,0.08531
Weekend/Holiday,December,6:00 PM,Delivered,0.00091
Weekend/Holiday,January,7:00 PM,Produced,0.09184
Weekend/Holiday,January,7:00 PM,Delivered,0.00096
Weekend/Holiday,February,7:00 PM,Produced,0.08933
Weekend/Holiday,February,7:00 PM,Delivered,0.00096
Weekend/Holiday,March,7:00 PM,Produced,0.07628
Weekend/Holiday,March,7:00 PM,Delivered,0.0008
Weekend/Holiday,April,7:00 PM,Produced,0.08066
Weekend/Holiday,April,7:00 PM,Delivered,0.00082
Weekend/Holiday,May,7:00 PM,Produced,0.08414
Weekend/Holiday,May,7:00 PM,Delivered,0.00084
Weekend/Holiday,June,7:00 PM,Produced,0.09449
Weekend/Holiday,June,7:00 PM,Delivered,0.00207
Weekend/Holiday,July,7:00 PM,Produced,0.11624
Weekend/Holiday,July,7:00 PM,Delivered,0.00287
Weekend/Holiday,August,7:00 PM,Produced,0.96585
Weekend/Holiday,August,7:00 PM,Delivered,0.22704
Weekend/Holiday,September,7:00 PM,Produced,0.69629
Weekend/Holiday,September,7:00 PM,Delivered,0.00236
Weekend/Holiday,October,7:00 PM,Produced,0.0821
Weekend/Holiday,October,7:00 PM,Delivered,0.00384
Weekend/Holiday,November,7:00 PM,Produced,0.08445
Weekend/Holiday,November,7:00 PM,Delivered,0.00106
Weekend/Holiday,December,7:00 PM,Produced,0.08009
Weekend/Holiday,December,7:00 PM,Delivered,0.00086
Weekend/Holiday,January,8:00 PM,Produced,0.09012
Weekend/Holiday,January,8:00 PM,Delivered,0.00091
Weekend/Holiday,February,8:00 PM,Produced,0.08662
Weekend/Holiday,February,8:00 PM,Delivered,0.0009
Weekend/Holiday,March,8:00 PM,Produced,0.074
Weekend/Holiday,March,8:00 PM,Delivered,0.0008
Weekend/Holiday,April,8:00 PM,Produced,0.0694
Weekend/Holiday,April,8:00 PM,Delivered,0.00071
Weekend/Holiday,May,8:00 PM,Produced,0.07347
Weekend/Holiday,May,8:00 PM,Delivered,0.00075
Weekend/Holiday,June,8:00 PM,Produced,0.08478
Weekend/Holiday,June,8:00 PM,Delivered,0.00157
Weekend/Holiday,July,8:00 PM,Produced,0.10061
Weekend/Holiday,July,8:00 PM,Delivered,0.00217
Weekend/Holiday,August,8:00 PM,Produced,1.04281
Weekend/Holiday,August,8:00 PM,Delivered,0.00187
Weekend/Holiday,September,8:00 PM,Produced,0.35043
Weekend/Holiday,September,8:00 PM,Delivered,0.00207
Weekend/Holiday,October,8:00 PM,Produced,0.07951
Weekend/Holiday,October,8:00 PM,Delivered,0.00309
Weekend/Holiday,November,8:00 PM,Produced,0.08347
Weekend/Holiday,November,8:00 PM,Delivered,0.00102
Weekend/Holiday,December,8:00 PM,Produced,0.0809
Weekend/Holiday,December,8:00 PM,Delivered,0.00083
Weekend/Holiday,January,9:00 PM,Produced,0.09051
Weekend/Holiday,January,9:00 PM,Delivered,0.00087
Weekend/Holiday,February,9:00 PM,Produced,0.08659
Weekend/Holiday,February,9:00 PM,Delivered,0.00085
Weekend/Holiday,March,9:00 PM,Produced,0.0719
Weekend/Holiday,March,9:00 PM,Delivered,0.0008
Weekend/Holiday,April,9:00 PM,Produced,0.06861
Weekend/Holiday,April,9:00 PM,Delivered,0.00075
Weekend/Holiday,May,9:00 PM,Produced,0.07186
Weekend/Holiday,May,9:00 PM,Delivered,0.00077
Weekend/Holiday,June,9:00 PM,Produced,0.08017
Weekend/Holiday,June,9:00 PM,Delivered,0.00115
Weekend/Holiday,July,9:00 PM,Produced,0.07999
Weekend/Holiday,July,9:00 PM,Delivered,0.00139
Weekend/Holiday,August,9:00 PM,Produced,0.95249
Weekend/Holiday,August,9:00 PM,Delivered,0.00128
Weekend/Holiday,September,9:00 PM,Produced,0.16581
Weekend/Holiday,September,9:00 PM,Delivered,0.00166
Weekend/Holiday,October,9:00 PM,Produced,0.07705
Weekend/Holiday,October,9:00 PM,Delivered,0.00237
Weekend/Holiday,November,9:00 PM,Produced,0.08256
Weekend/Holiday,November,9:00 PM,Delivered,0.00088
Weekend/Holiday,December,9:00 PM,Produced,0.08124
Weekend/Holiday,December,9:00 PM,Delivered,0.00079
Weekend/Holiday,January,10:00 PM,Produced,0.09345
Weekend/Holiday,January,10:00 PM,Delivered,0.00087
Weekend/Holiday,February,10:00 PM,Produced,0.08892
Weekend/Holiday,February,10:00 PM,Delivered,0.00084
Weekend/Holiday,March,10:00 PM,Produced,0.0729
Weekend/Holiday,March,10:00 PM,Delivered,0.00077
Weekend/Holiday,April,10:00 PM,Produced,0.06738
Weekend/Holiday,April,10:00 PM,Delivered,0.00073
Weekend/Holiday,May,10:00 PM,Produced,0.07061
Weekend/Holiday,May,10:00 PM,Delivered,0.00075
Weekend/Holiday,June,10:00 PM,Produced,0.07961
Weekend/Holiday,June,10:00 PM,Delivered,0.00094
Weekend/Holiday,July,10:00 PM,Produced,0.07931
Weekend/Holiday,July,10:00 PM,Delivered,0.00101
Weekend/Holiday,August,10:00 PM,Produced,0.94601
Weekend/Holiday,August,10:00 PM,Delivered,0.00102
Weekend/Holiday,September,10:00 PM,Produced,0.16656
Weekend/Holiday,September,10:00 PM,Delivered,0.00117
Weekend/Holiday,October,10:00 PM,Produced,0.09124
Weekend/Holiday,October,10:00 PM,Delivered,0.00159
Weekend/Holiday,November,10:00 PM,Produced,0.08677
Weekend/Holiday,November,10:00 PM,Delivered,0.00084
Weekend/Holiday,December,10:00 PM,Produced,0.08283
Weekend/Holiday,December,10:00 PM,Delivered,0.00078
Weekend/Holiday,January,11:00 PM,Produced,0.09275
Weekend/Holiday,January,11:00 PM,Delivered,0.00086
Weekend/Holiday,February,11:00 PM,Produced,0.09261
Weekend/Holiday,February,11:00 PM,Delivered,0.00087
Weekend/Holiday,March,11:00 PM,Produced,0.06967
Weekend/Holiday,March,11:00 PM,Delivered,0.00073
Weekend/Holiday,April,11:00 PM,Produced,0.07054
Weekend/Holiday,April,11:00 PM,Delivered,0.00072
Weekend/Holiday,May,11:00 PM,Produced,0.07192
Weekend/Holiday,May,11:00 PM,Delivered,0.00072
Weekend/Holiday,June,11:00 PM,Produced,0.0759
Weekend/Holiday,June,11:00 PM,Delivered,0.00076
Weekend/Holiday,July,11:00 PM,Produced,0.07696
Weekend/Holiday,July,11:00 PM,Delivered,0.00079
Weekend/Holiday,August,11:00 PM,Produced,0.08937
Weekend/Holiday,August,11:00 PM,Delivered,0.00089
Weekend/Holiday,September,11:00 PM,Produced,0.09387
Weekend/Holiday,September,11:00 PM,Delivered,0.00091
Weekend/Holiday,October,11:00 PM,Produced,0.08691
Weekend/Holiday,October,11:00 PM,Delivered,0.00099
Weekend/Holiday,November,11:00 PM,Produced,0.08451
Weekend/Holiday,November,11:00 PM,Delivered,0.00081
Weekend/Holiday,December,11:00 PM,Produced,0.08209
Weekend/Holiday,December,11:00 PM,Delivered,0.00078
